{
  "allBlogs": [
    {
      "image": "assets/images/blog/single-blog1.webp",
      "tag": "Marketing",
      "title": "Most digital marketing procedure",
      "description": "A quick blog post from April 2020 started things off early, making the prediction that after our pandemic finally ends, we’d have a second Roaring ’20s. “100 years",
      "postBy": {
        "name": "Angelina Jolly",
        "subtitle": "Modern CU Designer",
        "image": "assets/images/client1.webp"
      }
    },
    {
      "image": "assets/images/blog/single-blog2.webp",
      "tag": "Digital AI",
      "title": "Most digital marketing procedure",
      "description": "A quick blog post from April 2020 started things off early, making the prediction that after our pandemic finally ends, we’d have a second Roaring ’20s. “100 years",
      "postBy": {
        "name": "Angelina Jolly",
        "subtitle": "Modern CU Designer",
        "image": "assets/images/client2.webp"
      }
    },
    {
      "image": "assets/images/blog/single-blog1.webp",
      "tag": "Media Marketing",
      "title": "Most digital marketing procedure",
      "description": "A quick blog post from April 2020 started things off early, making the prediction that after our pandemic finally ends, we’d have a second Roaring ’20s. “100 years",
      "postBy": {
        "name": "Angelina Jolly",
        "subtitle": "Modern CU Designer",
        "image": "assets/images/client3.webp"
      }
    }
  ]
}
