{
  "allProject": [
    {
      "image": "assets/images/blog/it-solution-blog-1.webp",
      "title": "IT Management",
      "tag": "Technology"
    },
    {
      "image": "assets/images/blog/it-solution-blog-2.webp",
      "title": "Cyber Security",
      "tag": "Technology"
    },
    {
      "image": "assets/images/blog/it-solution-blog-3.webp",
      "title": "Cloud Computing",
      "tag": "Technology"
    },
    {
      "image": "assets/images/blog/it-solution-blog-5.webp",
      "title": "Backup & Recovery",
      "tag": "Technology"
    },
    {
      "image": "assets/images/blog/it-solution-blog-6.webp",
      "title": "Software Dev",
      "tag": "Technology"
    },
    {
      "image": "assets/images/it-solution-about-1.webp",
      "title": "Social Media App",
      "tag": "Technology"
    },
    {
      "image": "assets/images/blog/it-solution-blog-2.webp",
      "title": "Social Media App",
      "tag": "Technology"
    },
    {
      "image": "assets/images/blog/it-solution-blog-1.webp",
      "title": "Social Media App",
      "tag": "Technology"
    },
    {
      "image": "assets/images/blog/it-solution-blog-3.webp",
      "title": "Social Media App",
      "tag": "Technology"
    }
  ]
}
