{
  "contact": {
    "title": "Request A Free Consultation",
    "subtitle": "CONTACT US",
    "contactInfo": [
      {
        "icon": "icofont-location-pin",
        "title": "Main Office",
        "info": {
          "one": "2595 Sugarfoot Lane, Indianapolis",
          "two": "Inidana, 46254"
        }
      },
      {
        "icon": "icofont-phone",
        "title": "Phone & Fax",
        "info": {
          "one": "Phone: +71 612-234-4023",
          "two": "Fax: +954-627-9727"
        }
      },
      {
        "icon": "icofont-clock-time",
        "title": "Working Hours",
        "info": {
          "one": "Monday-friday: 9:00- 06:00",
          "two": "Saturday-Sunday: Holiday"
        }
      },
      {
        "icon": "icofont-email",
        "title": "Contact",
        "info": {
          "one": "www.exampledesign.com",
          "two": "office@exampledesign.com"
        }
      }
    ]
  },
  "contactv2": {
    "title": "Request A Free Consultation",
    "subtitle": "CONTACT US",
    "contactInfo": [
      {
        "icon": "icofont-location-pin",
        "title": "Main Office",
        "info": {
          "one": "70 Washington Square South, New York, NY, United States",
          "two": ""
        }
      },
      {
        "icon": "icofont-phone",
        "title": "Make a call",
        "info": {
          "one": "Phone: +71 612-234-4023",
          "two": "Fax: +954-627-9727"
        }
      },
      {
        "icon": "icofont-clock-time",
        "title": "Working Hours",
        "info": {
          "one": "Monday-friday: 9:00- 06:00",
          "two": "Saturday-Sunday: Holiday"
        }
      },
      {
        "icon": "icofont-email",
        "title": "Send an email",
        "info": {
          "one": "www.exampledesign.com",
          "two": "office@exampledesign.com"
        }
      }
    ]
  },
  "contactv3": {
    "title": "Request a free consultation",
    "subtitle": "Contact us",
    "image": "assets/images/contact2.webp"
  }
}
