{
  "cta": {
    "title": "From the inside giving the solution for publicity",
    "description": "Preferring to go on writing binges, Strayed, who is the mother  of two small children, often ensconces herself in a hotel room to burrow into her work for a few days or weeks.",
    "videoLink": "https://www.youtube.com/watch?v=d2Q3e56iJGs",
    "bgImage": "assets/images/ctabg.webp"
  },
  "ctav2" : {
    "bgImage": "assets/images/it-solution-cta.webp",
    "title": "We Run All Kind Of IT Services.",
    "description": "While Other People May Not Know, In My Case, If I Just Had The Time, I'd Be Buried Over My Head In Things I'd Want To Do. I Don't Have The Time To Not Think About Things I Need Or Want.",
    "button": "Let's Talk",
    "counterCards": [
      {
        "number": 18,
        "title": "Workers"
      },
      {
        "number": 999,
        "title": "Projects"
      },
      {
        "number": 100,
        "title": "Satisfaction"
      }
    ]
  },
  "ctav3" : {
    "image": "assets/images/cta.webp",
    "title": "Call Us 24/7",
    "number": "(+887) 158795145",
    "description": "We do know that what we call insurance is changing, with a steady growth of high deductible plans and more cost sharing for consumers.",
    "button": "Let's Talk",
    "counterCards": [
      {
        "number": 60,
        "title": "Happy Clients"
      },
      {
        "number": 40,
        "title": "companies"
      },
      {
        "number": 220,
        "title": "Project Done"
      }
    ]
  },
  "ctav4": {
    "title": "From the inside giving the solution for publicity",
    "description": "Preferring to go on writing binges, Strayed, who is the mother  of two small children, often ensconces herself in a hotel room to burrow into her work for a few days or weeks.",
    "videoLink": "https://www.youtube.com/watch?v=d2Q3e56iJGs",
    "bgImage": "assets/images/agency-cta.webp"
  },
  "ctav5": {
    "title": "Trusted and Supported by many users",
    "description": "Preferring to go on writing binges, Strayed, who is the mother  of two small children, often ensconces herself in a hotel room to burrow into her work for a few days or weeks.",
    "videoLink": "https://www.youtube.com/watch?v=d2Q3e56iJGs",
    "bgImage": "assets/images/software-cta.webp"
  },
  "ctav6": {
    "title": "Manage account with the best help out there.",
    "description": "Preferring to go on writing binges, Strayed, who is the mother of two small children, often ensconces herself in a hotel room to burrow into her work for a few days or weeks.",
    "videoLink": "https://www.youtube.com/watch?v=d2Q3e56iJGs",
    "bgImage": "assets/images/apps-cta.webp"
  }
}
