{
    "download": {
        "title": "Easy Download And Ready To Use",
        "description": "Most Mobile Devices Are Sold With Several Apps Bundled As Pre-Installed Software, Such As A Web Browser, Email Client, Calendar, Mapping Program Or More Apps.",
        "image": "assets/images/download.webp",
        "todayDownloads": {
            "number": "9999",
            "title": "Today Download"
        },
        "user": {
            "number": "45",
            "title": "Total User"
        },
        "satisfy": {
            "number": "100",
            "title": "Satisfy user"
        },
        "totalDownload": {
            "number": "42",
            "title": "Total Download"
        },
        "button": "Download"
    }
}