{
  "faq": {
    "subtitle": "Frequently asked questions",
    "title": "We turn potential customers into leads.",
    "description": "Over points before unpleasant lady attending considered nearer projecting noisy praise listening. Sister principle delicate this reached attempted companions husband what unwilling regular departure suppose excuse.",
    "faqItem": [
      {
        "id": 1,
        "title": "Where can i get analytics help?",
        "description": "And they’re appropriate words, given how the hype for Disney’s reboot of the franchise has mainly revolved around all the unanswered questions about what actually happens in this film (other than J.J."
      },
      {
        "id": 2,
        "title": "How much does data analytics costs?",
        "description": "Snatched was written by Katie Dippold, who also wrote the very of-the-moment movies The Heat and the all-women reboot of Ghostbusters, and was directed by Jonathan Levine (The Wackness, 50/50)."
      },
      {
        "id": 3,
        "title": "What kind of data is needed for analysis?",
        "description": "This has most certainly gone thru my head RT @analogtransmit: Kickstarter for a MEN OF A CERTAIN AGE finale movie.cc @tvoti Meanwhile, Joss Whedon, who is now embedded with Marvel and Disney, shot down hopes of any sort of Firefly reboot."
      },
      {
        "id": 4,
        "title": "Where can i get analytics help?",
        "description": "“Nobody gave a shit about the Jump Street reboot,” Deputy Chief Hardy reminded his charges in his precinct-room pep talk, “but you got lucky.” Remarkably, 22 Jump Street appears wicked and winking enough to extend that lucky streak."
      },
      {
        "id": 5,
        "title": "What kind of data is needed for analysis?",
        "description": "It was also the first Trek series to feature an African American commanding officer—a legacy that has been continued in CBS’s recently debuted reboot Star Trek: Discovery, which stars Sonequa Martin-Green as the show’s first black female lead."
      }
    ]
  }
}
