{
  "feature": {
    "featureCards": [
      {
        "icon": "icofont-live-support",
        "title": "Technical support",
        "description": "With Over 20 years experience 850+ employees",
        "bgImage": "assets/images/hero4-card1.webp"
      },
      {
        "icon": "icofont-thumbs-up",
        "title": "Trusted Partner",
        "description": "With Over 20 years experience 850+ employees",
        "bgImage": "assets/images/hero4-card2.webp"
      },
      {
        "icon": "icofont-chart-growth",
        "title": "Digital branding",
        "description": "With Over 20 years experience 850+ employees",
        "bgImage": "assets/images/hero4-card3.webp"
      },
      {
        "icon": "icofont-pie-chart",
        "title": "Management",
        "description": "With Over 20 years experience 850+ employees",
        "bgImage": "assets/images/hero4-card4.webp"
      }
    ],
    "title": "We Are The Perfect Solution To All Your Roofing Problems",
    "description": "The Actorless, Writerless Solution That Was The Real World Ended Up Transforming MTV And The Broader Television Landscape. In These Cases, There May Be A Less High-Tech Solution: Oyster Reefs.",
    "bgImage": "assets/images/cta4.webp",
    "videoLink": "https://www.youtube.com/watch?v=d2Q3e56iJGs",
    "funFactCards": [
      {
        "number": 6300,
        "title": "Happy Clients"
      },
      {
        "number": 450,
        "title": "Project Done"
      },
      {
        "number": 13,
        "title": "Years Experience"
      }
    ]
  }
}
