{
  "headerBusiness": {
    "logo": "Reboot.",
    "home": {
      "link": "hero",
      "title": "Home",
      "isDropdown": true,
      "dropdownItem1": {
        "link": "/",
        "title": "Business solution"
      },
      "dropdownItem2": {
        "link": "/it-solution",
        "title": "IT solution"
      },
      "dropdownItem3": {
        "link": "/marketing-solution",
        "title": "Marketing solution"
      },
      "dropdownItem4": {
        "link": "/digital-agency",
        "title": "Digital agency"
      },
      "dropdownItem5": {
        "link": "/software-landing",
        "title": "Software landing"
      },
      "dropdownItem6": {
        "link": "/apps-landing",
        "title": "Apps landing"
      }
    },
    "about": {
      "link": "about",
      "title": "About",
      "isDropdown": false
    },
    "whyUs": {
      "link": "why-us",
      "title": "Why us",
      "isDropdown": false
    },
    "faq": {
      "link": "faq",
      "title": "Faq",
      "isDropdown": false
    },
    "team": {
      "link": "team",
      "title": "Team",
      "isDropdown": false
    },
    "testimonial": {
      "link": "testimonial",
      "title": "Reviews",
      "isDropdown": false
    },
    "blog": {
      "link": "blog",
      "title": "Blog",
      "isDropdown": true,

      "blogDropdown1": {
        "link": "/all-blog",
        "title": "All Blogs"
      },
      "blogDropdown2": {
        "link": "/blog-details",
        "title": "Blog Details"
      }
    },
    "contact": {
      "link": "contact",
      "title": "Contact",
      "isDropdown": false
    }
  },
  "headerIt": {
    "logo": "Reboot.",
    "home": {
      "link": "hero",
      "title": "Home",
      "isDropdown": true,
      "dropdownItem1": {
        "link": "/",
        "title": "Business solution"
      },
      "dropdownItem2": {
        "link": "/it-solution",
        "title": "IT solution"
      },
      "dropdownItem3": {
        "link": "/marketing-solution",
        "title": "Marketing solution"
      },
      "dropdownItem4": {
        "link": "/digital-agency",
        "title": "Digital agency"
      },
      "dropdownItem5": {
        "link": "/software-landing",
        "title": "Software landing"
      },
      "dropdownItem6": {
        "link": "/apps-landing",
        "title": "Apps landing"
      }
    },
    "about": {
      "link": "about",
      "title": "About",
      "isDropdown": false
    },
    "service": {
      "link": "services",
      "title": "Service",
      "isDropdown": false
    },
    "project": {
      "link": "projects",
      "title": "Project",
      "isDropdown": false
    },
    "team": {
      "link": "team",
      "title": "Team",
      "isDropdown": false
    },
    "testimonial": {
      "link": "testimonial",
      "title": "Reviews",
      "isDropdown": false
    },
    "blog": {
      "link": "blog",
      "title": "Blog",
      "isDropdown": true,

      "blogDropdown1": {
        "link": "/all-blog",
        "title": "All Blogs"
      },
      "blogDropdown2": {
        "link": "/blog-details",
        "title": "Blog Details"
      }
    },
    "contact": {
      "link": "contact",
      "title": "Contact",
      "isDropdown": false
    }
  },
  "headerMarketing": {
    "logo": "Reboot.",
    "home": {
      "link": "hero",
      "title": "Home",
      "isDropdown": true,
      "dropdownItem1": {
        "link": "/",
        "title": "Business solution"
      },
      "dropdownItem2": {
        "link": "/it-solution",
        "title": "IT solution"
      },
      "dropdownItem3": {
        "link": "/marketing-solution",
        "title": "Marketing solution"
      },
      "dropdownItem4": {
        "link": "/digital-agency",
        "title": "Digital agency"
      },
      "dropdownItem5": {
        "link": "/software-landing",
        "title": "Software landing"
      },
      "dropdownItem6": {
        "link": "/apps-landing",
        "title": "Apps landing"
      }
    },
    "about": {
      "link": "about",
      "title": "About",
      "isDropdown": false
    },
    "service": {
      "link": "service",
      "title": "Service",
      "isDropdown": false
    },
    "team": {
      "link": "team",
      "title": "Team",
      "isDropdown": false
    },
    "pricing": {
      "link": "pricing",
      "title": "Pricing",
      "isDropdown": false
    },
    "testimonial": {
      "link": "testimonial",
      "title": "Reviews",
      "isDropdown": false
    },
    "blog": {
      "link": "blog",
      "title": "Blog",
      "isDropdown": true,

      "blogDropdown1": {
        "link": "/all-blog",
        "title": "All Blogs"
      },
      "blogDropdown2": {
        "link": "/blog-details",
        "title": "Blog Details"
      }
    },
    "contact": {
      "link": "contact",
      "title": "Contact",
      "isDropdown": false
    }
  },
  "headerDigital": {
    "logo": "Reboot.",
    "home": {
      "link": "hero",
      "title": "Home",
      "isDropdown": true,
      "dropdownItem1": {
        "link": "/",
        "title": "Business solution"
      },
      "dropdownItem2": {
        "link": "/it-solution",
        "title": "IT solution"
      },
      "dropdownItem3": {
        "link": "/marketing-solution",
        "title": "Marketing solution"
      },
      "dropdownItem4": {
        "link": "/digital-agency",
        "title": "Digital agency"
      },
      "dropdownItem5": {
        "link": "/software-landing",
        "title": "Software landing"
      },
      "dropdownItem6": {
        "link": "/apps-landing",
        "title": "Apps landing"
      }
    },
    "about": {
      "link": "about",
      "title": "About",
      "isDropdown": false
    },
    "portfolio": {
      "link": "portfolio",
      "title": "portfolio",
      "isDropdown": false
    },
    "faq": {
      "link": "faq",
      "title": "faq",
      "isDropdown": false
    },
    "pricing": {
      "link": "pricing",
      "title": "Pricing",
      "isDropdown": false
    },
    "testimonial": {
      "link": "testimonial",
      "title": "Reviews",
      "isDropdown": false
    },
    "blog": {
      "link": "blog",
      "title": "Blog",
      "isDropdown": true,

      "blogDropdown1": {
        "link": "/all-blog",
        "title": "All Blogs"
      },
      "blogDropdown2": {
        "link": "/blog-details",
        "title": "Blog Details"
      }
    },
    "contact": {
      "link": "contact",
      "title": "Contact",
      "isDropdown": false
    }
  },
  "headerSoftware": {
    "logo": "Reboot.",
    "home": {
      "link": "hero",
      "title": "Home",
      "isDropdown": true,
      "dropdownItem1": {
        "link": "/",
        "title": "Business solution"
      },
      "dropdownItem2": {
        "link": "/it-solution",
        "title": "IT solution"
      },
      "dropdownItem3": {
        "link": "/marketing-solution",
        "title": "Marketing solution"
      },
      "dropdownItem4": {
        "link": "/digital-agency",
        "title": "Digital agency"
      },
      "dropdownItem5": {
        "link": "/software-landing",
        "title": "Software landing"
      },
      "dropdownItem6": {
        "link": "/apps-landing",
        "title": "Apps landing"
      }
    },
    "about": {
      "link": "about",
      "title": "About",
      "isDropdown": false
    },
    "overview": {
      "link": "overview",
      "title": "overview",
      "isDropdown": false
    },
    "pricing": {
      "link": "pricing",
      "title": "pricing",
      "isDropdown": false
    },
    "faq": {
      "link": "faq",
      "title": "Faq",
      "isDropdown": false
    },
    "blog": {
      "link": "blog",
      "title": "Blog",
      "isDropdown": true,

      "blogDropdown1": {
        "link": "/all-blog",
        "title": "All Blogs"
      },
      "blogDropdown2": {
        "link": "/blog-details",
        "title": "Blog Details"
      }
    },
    "contact": {
      "link": "contact",
      "title": "Contact",
      "isDropdown": false
    }
  },
  "headerApp": {
    "logo": "Reboot.",
    "home": {
      "link": "hero",
      "title": "Home",
      "isDropdown": true,
      "dropdownItem1": {
        "link": "/",
        "title": "Business solution"
      },
      "dropdownItem2": {
        "link": "/it-solution",
        "title": "IT solution"
      },
      "dropdownItem3": {
        "link": "/marketing-solution",
        "title": "Marketing solution"
      },
      "dropdownItem4": {
        "link": "/digital-agency",
        "title": "Digital agency"
      },
      "dropdownItem5": {
        "link": "/software-landing",
        "title": "Software landing"
      },
      "dropdownItem6": {
        "link": "/apps-landing",
        "title": "Apps landing"
      }
    },
    "feature": {
      "link": "feature",
      "title": "feature",
      "isDropdown": false
    },
    "about": {
      "link": "about",
      "title": "About",
      "isDropdown": false
    },
    "screenshot": {
      "link": "screenshot",
      "title": "screenshot",
      "isDropdown": false
    },
    "pricing": {
      "link": "pricing",
      "title": "pricing",
      "isDropdown": false
    },
    "blog": {
      "link": "blog",
      "title": "Blog",
      "isDropdown": true,

      "blogDropdown1": {
        "link": "/all-blog",
        "title": "All Blogs"
      },
      "blogDropdown2": {
        "link": "/blog-details",
        "title": "Blog Details"
      }
    },
    "contact": {
      "link": "contact",
      "title": "Contact",
      "isDropdown": false
    }
  },
  "singlePageHeader": {
    "logo": "Reboot.",
    "home": {
      "link": "hero",
      "title": "Home",
      "isDropdown": true,
      "dropdownItem1": {
        "link": "/",
        "title": "Business solution"
      },
      "dropdownItem2": {
        "link": "/it-solution",
        "title": "IT solution"
      },
      "dropdownItem3": {
        "link": "/marketing-solution",
        "title": "Marketing solution"
      },
      "dropdownItem4": {
        "link": "/digital-agency",
        "title": "Digital agency"
      },
      "dropdownItem5": {
        "link": "/software-landing",
        "title": "Software landing"
      },
      "dropdownItem6": {
        "link": "/apps-landing",
        "title": "Apps landing"
      }
    },
    "blog": {
      "link": "blog",
      "title": "Blog",
      "isDropdown": true,

      "blogDropdown1": {
        "link": "/all-blog",
        "title": "All Blogs"
      },
      "blogDropdown2": {
        "link": "/blog-details",
        "title": "Blog Details"
      }
    },
    "project": {
      "link": "blog",
      "title": "Blog",
      "isDropdown": true,

      "projectDropdown1": {
        "link": "/all-project",
        "title": "All Project"
      },
      "projectDropdown2": {
        "link": "/project-details",
        "title": "project Details"
      }
    }
  }
}
