{
  "herov1": {
    "subtitle": "Advanced Business Solutions",
    "title": "Provide Massive Business Solutions",
    "description": "If you haven’t thought about quitting even once when working on your business, that business is not your real passion.",
    "button": "About us",
    "image": "assets/images/hero.webp",
    "bgImage": "assets/images/shape.svg",
    "badgeOne": {
      "counterNumber": 450,
      "title": "Companies Working"
    },
    "badgeTwo": {
      "counterNumber": 999,
      "title": "Project experience"
    },
    "badgeThree": {
      "counterNumber": 45,
      "title": "Coalition experience"
    }
  },
  "herov2": {
    "subtitle": "Best IT solution provider",
    "title": "We provide better IT solutions",
    "description": "Many vendors, software developers, in particular, refer to all of their individual products as software solutions.",
    "button": "Get details",
    "image1": "assets/images/it-solution-hero-1.webp",
    "image2": "assets/images/it-team-2.webp",
    "image3": "assets/images/itteam3.webp",
    "badge": {
      "title": "Trusted clients",
      "counterNumber": "450"
    }
  },
  "herov3": {
    "subtitle": "Boost Your Business",
    "title": "We serve trending marketing solution",
    "description": "This raises the question of what pot marketing might look like in a world in which marijuana’s use has become even more normalized.",
    "button": "Explore More",
    "videoLink": "https://www.youtube.com/watch?v=Jo9Veg2bwGs",
    "image": "assets/images/hero.webp",
    "identity": {
      "icon": "icofont-user-male",
      "title": "Relations"
    },
    "relations": {
      "icon": "icofont-brand-apple",
      "title": "Branding"
    },
    "event": {
      "icon": "icofont-ticket",
      "title": "Event"
    },
    "advertising": {
      "icon": "icofont-bullhorn",
      "title": "Advertise"
    },
    "mail": {
      "icon": "icofont-email",
      "title": "Mail"
    }
  },
  "herov4": {
    "subtitle": "Boost Your Business",
    "title": "Our goal is to achieve success for you",
    "description": "If you haven’t thought about quitting even once when working on your business, that business is not your real passion.",
    "button": "Our Portfolio",
    "image1": "assets/images/orbit-img1.webp",
    "image2": "assets/images/orbit-img2.webp",
    "orbitItems": [
      {
        "icon": "icofont-bars",
        "name": "SEO"
      },
      {
        "icon": "icofont-chart-histogram-alt",
        "name": "PPC"
      },
      {
        "icon": "icofont-web",
        "name": "WEB"
      },
      {
        "icon": "icofont-ui-user",
        "name": "USER"
      },
      {
        "icon": "icofont-settings-alt",
        "name": "SSM"
      },
      {
        "icon": "icofont-computer",
        "name": "CONTENT"
      },
      {
        "icon": "icofont-chart-pie",
        "name": "AFFILIATE"
      },
      {
        "icon": "icofont-send-mail",
        "name": "EMAIL"
      }
    ]
  },
  "herov5": {
    "title": "The Highly Secured Crypto-currency Software",
    "description": "Crypto-currencyis any form of currency that exists digitally or virtually and uses cryptography to secure transactions.",
    "note": "*We Will give a trial download link to your mail address",
    "email": "Email",
    "images": [
      {
        "image": "assets/images/software1.webp"
      },
      {
        "image": "assets/images/software2.webp"
      },
      {
        "image": "assets/images/software3.webp"
      }
    ]
  },
  "herov6": {
    "title": "Keep you more accountable than a bank account.",
    "description": "The Reboot budgeting app and its simple four-rule method will help you demolish your debt, save piles of cash, spend without guilt, and reach your financial goals faster.",
    "star": "(Based On 20M user Reviews)",
    "button": "Free Trial",
    "note": "*We Will give a trial download link to your mail address",
    "image": "assets/images/mobile1.webp",
    "image2": "assets/images/mobile2.webp",
    "image3": "assets/images/mobile3.webp"
  }
}
