{
  "overview": {
    "title": "Software overview",
    "subtitle": "overview",
    "overviewContents": [
      {
        "id": 1,
        "number": "01",
        "title": "Software messaging",
        "description": "Innovation is part of company offers to allow developers to build their own cloud-computing infrastructure."
      },
      {
        "id": 2,
        "number": "02",
        "title": "Apps customisation",
        "description": "The initial burst to emulation on the web was about removing the barrier to old software."
      },
      {
        "id": "3",
        "number": "03",
        "title": "Unlimited revision",
        "description": "Innovation is part of company offers to allow developers to build their own cloud-computing infrastructure."
      },
      {
        "id": "4",
        "number": "04",
        "title": "Trusty Policy & terms",
        "description": "The initial burst to emulation on the web was about removing the barrier to old software"
      }
    ]
  }
}
