{
  "pricing": {
    "subtitle": "CHOOSE YOUR PLAN",
    "title": "Flexible Pricing Plan",
    "button": "Choose Plan",
    "pricingCards": [
      {
        "id": 1,
        "tag": "Basic",
        "icon": "icofont-royal",
        "price": "65.00",
        "format": "Monthly package",
        "checkIcon": "icofont-check",
        "pricingDetails": [
          {
            "item": "Social media marketing"
          },
          {
            "item": "5099 keywords"
          },
          {
            "item": "One way link bulding"
          },
          {
            "item": "10 free optimization"
          },
          {
            "item": "One year update"
          },
          {
            "item": "Content research"
          }
        ]
      },
      {
        "id": 2,
        "tag": "Standard",
        "icon": "icofont-badge",
        "price": "85.00",
        "format": "Monthly package",
        "checkIcon": "icofont-check",
        "pricingDetails": [
          {
            "item": "Social media marketing"
          },
          {
            "item": "5099 keywords"
          },
          {
            "item": "One way link bulding"
          },
          {
            "item": "10 free optimization"
          },
          {
            "item": "One year update"
          },
          {
            "item": "Content research"
          }
        ]
      },
      {
        "id": 3,
        "tag": "premium",
        "icon": "icofont-diamond",
        "price": "99.99",
        "format": "Monthly package",
        "checkIcon": "icofont-check",
        "pricingDetails": [
          {
            "item": "Social media marketing"
          },
          {
            "item": "5099 keywords"
          },
          {
            "item": "One way link bulding"
          },
          {
            "item": "10 free optimization"
          },
          {
            "item": "One year update"
          },
          {
            "item": "Content research"
          }
        ]
      }
    ]
  },
  "pricingv2": {
    "subtitle": "CHOOSE YOUR PLAN",
    "title": "Flexible Pricing Plan",
    "button": "Choose Plan",
    "pricingCards": [
      {
        "id": 1,
        "title" : "Starter Plant",
        "price": "10",
        "format": "Per Month",
        "checkIcon": "icofont-check",
        "pricingDetails": [
          {
            "item": "24/7 Support"
          },
          {
            "item": "Suitable for small business"
          },
          {
            "item": "No Updates Facility"
          }
        ]
      },
      {
        "id": 2,
        "title" : "Starter Plant",
        "tag": "popular",
        "price": "15",
        "format": "Per Month",
        "checkIcon": "icofont-check",
        "pricingDetails": [
          {
            "item": "Full Access"
          },
          {
            "item": "Suitable for enterprice business"
          },
          {
            "item": "Free Lifetime Updates Facility"
          }
        ]
      },
      {
        "id": 3,
        "title" : "Starter Plant",
        "price": "19",
        "format": "Per Month",
        "checkIcon": "icofont-check",
        "pricingDetails": [
          {
            "item": "Full Access"
          },
          {
            "item": "Multiple User Capabilities"
          },
          {
            "item": "Free Lifetime Updates Facility"
          }
        ]
      }
    ]
  }
}
