{
  "projectDetails": {
    "title": "Project Details",
    "image1": "assets/images/blog-details1.webp",
    "image2": "assets/images/blog-details2.webp",
    "title2": "Competitor Analysis",
    "description2": "'The most dreadful part of all,' the old stag answered, 'is that the dogs believe what the hound just said. They believe it, they pass their lives in fear, they hate Him and themselves and yet they'd die for His sake.' There's not a word in either of our language for what you are to me",
    "title3": "Define Your Choices",
    "description3": "'The most dreadful part of all,' the old stag answered, 'is that the dogs believe what the hound just said. They believe it, they pass their lives in fear, they hate Him and themselves and yet they'd die for His sake.” There's not a word in either of our language for what you are to me. “The most dreadful part of all,' the old stag answered, 'is that the dogs believe what the hound just said. They believe it, they pass their lives in fear, they hate Him and themselves and yet they'd die for His sake.' There's not a word in either of our language for what you are to me.",
    "title4": "Define Your Choices",
    "description4": "'The most dreadful part of all,' the old stag answered, 'is that the dogs believe what the hound just said. They believe it, they pass their lives in fear, they hate Him and themselves and yet they'd die for His sake.” There's not a word in either of our language for what you are to me. “The most dreadful part of all,' the old stag answered, 'is that the dogs believe what the hound just said. They believe it, they pass their lives in fear, they hate Him and themselves and yet they'd die for His sake.' There's not a word in either of our language for what you are to me.",
    "info": {
      "title": "Client",
      "name": "James Anderson"
    },
    "category": {
      "title": "Category",
      "name": "Network, Marketing"
    },
    "date": {
        "title": "Date",
        "name": "February 28, 2022"
    },
    "share": {
      "title": "Share",
      "facebook": "https://www.facebook.com/",
      "twitter": "https://www.twitter.com/",
      "instagram": "https://www.instagram.com/",
      "whatsapp": "https://www.whatsapp.com/"
    },
    "button": "Live Preview"
  }
}
