{
  "quickOverview": {
    "title": "Quick Software Overview",
    "subtitle": "OVERVIEW",
    "quickOverviewContent": [
      {
        "id": 1,
        "image": "assets/images/software1.webp",
        "title": "Installation",
        "text1": "Software articles should describe a tool likely to be of broad utility that represents a significant advance over previously published software (usually demonstrated by direct comparison with available related software).",
        "text2": "The software application/tool described in the manuscript must be available for testing by reviewers in a way that preserves their anonymity. If published, software applications/tools must be freely available to any researcher wishing to use them for non-commercial purposes, without restrictions such as the need for a material transfer agreement. Because web-links frequently become broken, BMC strongly recommends that all software applications/tools are included with the submitted manuscript as additional files to ensure that the software will continue to be available.",
        "text3": "BMC recommends, but does not require, that the source code of the software should be made available under a suitable open-source license that will entitle other researchers to further develop and extend the software if they wish to do so. Typically, an archive of the source code of the current version of the software should be included with the submitted manuscript as a supplementary file."
      },
      {
        "id": 2,
        "image": "assets/images/software2.webp",
        "title": "Setup app",
        "text1": "Software articles should describe a tool likely to be of broad utility that represents a significant advance over previously published software (usually demonstrated by direct comparison with available related software).",
        "text2": "The software application/tool described in the manuscript must be available for testing by reviewers in a way that preserves their anonymity. If published, software applications/tools must be freely available to any researcher wishing to use them for non-commercial purposes, without restrictions such as the need for a material transfer agreement. Because web-links frequently become broken, BMC strongly recommends that all software applications/tools are included with the submitted manuscript as additional files to ensure that the software will continue to be available.",
        "text3": "BMC recommends, but does not require, that the source code of the software should be made available under a suitable open-source license that will entitle other researchers to further develop and extend the software if they wish to do so. Typically, an archive of the source code of the current version of the software should be included with the submitted manuscript as a supplementary file."
      },
      {
        "id": 3,
        "image": "assets/images/software3.webp",
        "title": "Monetization",
        "text1": "Software articles should describe a tool likely to be of broad utility that represents a significant advance over previously published software (usually demonstrated by direct comparison with available related software).",
        "text2": "The software application/tool described in the manuscript must be available for testing by reviewers in a way that preserves their anonymity. If published, software applications/tools must be freely available to any researcher wishing to use them for non-commercial purposes, without restrictions such as the need for a material transfer agreement. Because web-links frequently become broken, BMC strongly recommends that all software applications/tools are included with the submitted manuscript as additional files to ensure that the software will continue to be available.",
        "text3": "BMC recommends, but does not require, that the source code of the software should be made available under a suitable open-source license that will entitle other researchers to further develop and extend the software if they wish to do so. Typically, an archive of the source code of the current version of the software should be included with the submitted manuscript as a supplementary file."
      },
      {
        "id": 4,
        "image": "assets/images/software4.webp",
        "title": "The Beginning",
        "text1": "Software articles should describe a tool likely to be of broad utility that represents a significant advance over previously published software (usually demonstrated by direct comparison with available related software).",
        "text2": "The software application/tool described in the manuscript must be available for testing by reviewers in a way that preserves their anonymity. If published, software applications/tools must be freely available to any researcher wishing to use them for non-commercial purposes, without restrictions such as the need for a material transfer agreement. Because web-links frequently become broken, BMC strongly recommends that all software applications/tools are included with the submitted manuscript as additional files to ensure that the software will continue to be available.",
        "text3": "BMC recommends, but does not require, that the source code of the software should be made available under a suitable open-source license that will entitle other researchers to further develop and extend the software if they wish to do so. Typically, an archive of the source code of the current version of the software should be included with the submitted manuscript as a supplementary file."
      },
      {
        "id": 5,
        "image": "assets/images/software5.webp",
        "title": "The Beginning",
        "text1": "Software articles should describe a tool likely to be of broad utility that represents a significant advance over previously published software (usually demonstrated by direct comparison with available related software).",
        "text2": "The software application/tool described in the manuscript must be available for testing by reviewers in a way that preserves their anonymity. If published, software applications/tools must be freely available to any researcher wishing to use them for non-commercial purposes, without restrictions such as the need for a material transfer agreement. Because web-links frequently become broken, BMC strongly recommends that all software applications/tools are included with the submitted manuscript as additional files to ensure that the software will continue to be available.",
        "text3": "BMC recommends, but does not require, that the source code of the software should be made available under a suitable open-source license that will entitle other researchers to further develop and extend the software if they wish to do so. Typically, an archive of the source code of the current version of the software should be included with the submitted manuscript as a supplementary file."
      }
    ]
  }
}
