{
  "screenshot": {
    "title": "See Our App Screenshots",
    "subtitle": "Check Before Choosing",
    "phoneImage": "assets/images/screenshot/phpne.webp",
    "screenshotContent": [
      {
        "id": 1,
        "image": "assets/images/screenshot/1.webp",
        "title": "Add Spending",
        "text1": "In the modern age of Information and communication system, people are habituated to use computer and computer application. But Mobile Application uses and development is a new and rapidly growing sector.",
        "text2": "There is a global positive impact of mobile application. Using mobile application developed country are becoming facilitate and people, society of developing country are upgrading themselves and making a new type of IT infrastructure.",
        "text3": "In large number of mobile application some are pre-installed in phone and others user can download from internet and install it in mobile phone."
      },
      {
        "id": 2,
        "image": "assets/images/screenshot/2.webp",
        "title": "Add Spending",
        "text1": "In the modern age of Information and communication system, people are habituated to use computer and computer application. But Mobile Application uses and development is a new and rapidly growing sector.",
        "text2": "There is a global positive impact of mobile application. Using mobile application developed country are becoming facilitate and people, society of developing country are upgrading themselves and making a new type of IT infrastructure.",
        "text3": "In large number of mobile application some are pre-installed in phone and others user can download from internet and install it in mobile phone."
      },
      {
        "id": 3,
        "image": "assets/images/screenshot/3.webp",
        "title": "Add Spending",
        "text1": "In the modern age of Information and communication system, people are habituated to use computer and computer application. But Mobile Application uses and development is a new and rapidly growing sector.",
        "text2": "There is a global positive impact of mobile application. Using mobile application developed country are becoming facilitate and people, society of developing country are upgrading themselves and making a new type of IT infrastructure.",
        "text3": "In large number of mobile application some are pre-installed in phone and others user can download from internet and install it in mobile phone."
      },
      {
        "id": 4,
        "image": "assets/images/screenshot/4.webp",
        "title": "Add Spending",
        "text1": "In the modern age of Information and communication system, people are habituated to use computer and computer application. But Mobile Application uses and development is a new and rapidly growing sector.",
        "text2": "There is a global positive impact of mobile application. Using mobile application developed country are becoming facilitate and people, society of developing country are upgrading themselves and making a new type of IT infrastructure.",
        "text3": "In large number of mobile application some are pre-installed in phone and others user can download from internet and install it in mobile phone."
      },
      {
        "id": 5,
        "image": "assets/images/screenshot/5.webp",
        "title": "Add Spending",
        "text1": "In the modern age of Information and communication system, people are habituated to use computer and computer application. But Mobile Application uses and development is a new and rapidly growing sector.",
        "text2": "There is a global positive impact of mobile application. Using mobile application developed country are becoming facilitate and people, society of developing country are upgrading themselves and making a new type of IT infrastructure.",
        "text3": "In large number of mobile application some are pre-installed in phone and others user can download from internet and install it in mobile phone."
      },
      {
        "id": 6,
        "image": "assets/images/screenshot/6.webp",
        "title": "Add Spending",
        "text1": "In the modern age of Information and communication system, people are habituated to use computer and computer application. But Mobile Application uses and development is a new and rapidly growing sector.",
        "text2": "There is a global positive impact of mobile application. Using mobile application developed country are becoming facilitate and people, society of developing country are upgrading themselves and making a new type of IT infrastructure.",
        "text3": "In large number of mobile application some are pre-installed in phone and others user can download from internet and install it in mobile phone."
      },
      {
        "id": 7,
        "image": "assets/images/screenshot/4.webp",
        "title": "Add Spending",
        "text1": "In the modern age of Information and communication system, people are habituated to use computer and computer application. But Mobile Application uses and development is a new and rapidly growing sector.",
        "text2": "There is a global positive impact of mobile application. Using mobile application developed country are becoming facilitate and people, society of developing country are upgrading themselves and making a new type of IT infrastructure.",
        "text3": "In large number of mobile application some are pre-installed in phone and others user can download from internet and install it in mobile phone."
      }
    ]
  }
}
